{
  "aws_project_region": "us-east-1",
  "aws_cognito_identity_pool_id": "us-east-1:ff641aaa-3741-432a-9876-d952c5d722df",
  "aws_cognito_region": "us-east-1",
  "aws_user_pools_id": "us-east-1_viCCDVGx3",
  "aws_user_pools_web_client_id": "7svmammbo18cn119amrn4n6qp",
  "oauth": {},
  "aws_cognito_username_attributes": [],
  "aws_cognito_social_providers": [],
  "aws_cognito_signup_attributes": [
    "EMAIL"
  ],
  "aws_cognito_mfa_configuration": "OFF",
  "aws_cognito_mfa_types": [
    "SMS"
  ],
  "aws_cognito_password_protection_settings": {
    "passwordPolicyMinLength": 8,
    "passwordPolicyCharacters": []
  },
  "aws_cognito_verification_mechanisms": [
    "EMAIL"
  ],
  "aws_appsync_graphqlEndpoint": "https://irxqyrk7yrayhdkzeiqu5ffpry.appsync-api.us-east-1.amazonaws.com/graphql",
  "aws_appsync_region": "us-east-1",
  "aws_appsync_authenticationType": "API_KEY",
  "aws_appsync_apiKey": "da2-uyiw7pihozgsxatbrhs7srfwvy"
}