{
  "prod": {
    "awscloudformation": {
      "AuthRoleName": "amplify-hsitapp-prod-f58f2-authRole",
      "UnauthRoleArn": "arn:aws:iam::117396335388:role/amplify-hsitapp-prod-f58f2-unauthRole",
      "AuthRoleArn": "arn:aws:iam::117396335388:role/amplify-hsitapp-prod-f58f2-authRole",
      "Region": "us-east-1",
      "DeploymentBucketName": "amplify-hsitapp-prod-f58f2-deployment",
      "UnauthRoleName": "amplify-hsitapp-prod-f58f2-unauthRole",
      "StackName": "amplify-hsitapp-prod-f58f2",
      "StackId": "arn:aws:cloudformation:us-east-1:117396335388:stack/amplify-hsitapp-prod-f58f2/6bb4f230-0eb7-11f0-8cfd-125efeaafd0d",
      "AmplifyAppId": "dzjh4bivjx63a"
    }
  },
  "dev": {
    "awscloudformation": {
      "AuthRoleName": "amplify-hsitapp-dev-5fc03-authRole",
      "UnauthRoleArn": "arn:aws:iam::117396335388:role/amplify-hsitapp-dev-5fc03-unauthRole",
      "AuthRoleArn": "arn:aws:iam::117396335388:role/amplify-hsitapp-dev-5fc03-authRole",
      "Region": "us-east-1",
      "DeploymentBucketName": "amplify-hsitapp-dev-5fc03-deployment",
      "UnauthRoleName": "amplify-hsitapp-dev-5fc03-unauthRole",
      "StackName": "amplify-hsitapp-dev-5fc03",
      "StackId": "arn:aws:cloudformation:us-east-1:117396335388:stack/amplify-hsitapp-dev-5fc03/300934e0-0e8e-11f0-9855-12ff1002a859",
      "AmplifyAppId": "d3lu9g6emqn0zw"
    }
  },
  "new": {
    "awscloudformation": {
      "AuthRoleName": "amplify-hsitapp-new-d9ee7-authRole",
      "UnauthRoleArn": "arn:aws:iam::117396335388:role/amplify-hsitapp-new-d9ee7-unauthRole",
      "AuthRoleArn": "arn:aws:iam::117396335388:role/amplify-hsitapp-new-d9ee7-authRole",
      "Region": "us-east-1",
      "DeploymentBucketName": "amplify-hsitapp-new-d9ee7-deployment",
      "UnauthRoleName": "amplify-hsitapp-new-d9ee7-unauthRole",
      "StackName": "amplify-hsitapp-new-d9ee7",
      "StackId": "arn:aws:cloudformation:us-east-1:117396335388:stack/amplify-hsitapp-new-d9ee7/5906ff60-1034-11f0-bc72-0e76f521cad7",
      "AmplifyAppId": "d3sz92y0ll5h88"
    }
  }
}